fold,date,target,raw_probability
1,2014-05-31,0,0.4854483219043591
1,2014-06-03,0,0.5144897665335739
1,2014-06-15,0,0.2820824848938032
1,2014-06-17,0,0.2669389571631142
1,2014-07-06,0,0.6286731446552529
1,2014-07-09,1,0.577030425899683
1,2014-07-12,0,0.6173505252013095
1,2014-08-17,0,0.24822005097286273
1,2014-08-19,0,0.24599395614881522
1,2014-08-20,1,0.6977806646608308
1,2014-08-21,0,0.23984817324972216
1,2014-08-22,1,0.7361974744344999
1,2014-08-23,0,0.5999991496252195
1,2014-08-25,1,0.6973958004586474
1,2014-08-25,0,0.18321983190450353
1,2014-08-26,1,0.5569799598866985
1,2014-08-27,0,0.48168599626603376
1,2014-08-27,0,0.6333458756917374
1,2014-08-29,0,0.22246216854494774
1,2014-08-30,0,0.46646701656371703
1,2014-08-30,1,0.6063408303507287
1,2014-08-31,1,0.19114118078700656
1,2014-09-02,0,0.4355595830859485
1,2014-09-02,1,0.6066079119758082
1,2014-09-04,0,0.2399397110676262
1,2014-09-05,1,0.39343088607744037
1,2014-09-06,0,0.6301808271706226
1,2014-09-08,1,0.5976327403973744
1,2014-09-10,1,0.6530419460006732
1,2014-09-12,0,0.6772579376527312
1,2014-10-07,1,0.7286159681446187
1,2014-10-08,0,0.776994347972377
1,2014-10-10,1,0.745194711350612
1,2014-10-11,1,0.7379610008547619
1,2014-10-12,1,0.7542502290515636
1,2014-10-17,1,0.7113740982443201
1,2014-10-21,0,0.471091952473671
1,2014-10-24,0,0.4112491571848848
1,2014-11-02,1,0.7308638998671722
1,2014-11-06,1,0.7136545886183056
1,2014-11-09,1,0.7223012299160236
1,2014-11-13,1,0.769912888022332
1,2014-11-14,1,0.6147693715548213
1,2014-11-16,0,0.6670447765643068
1,2014-11-16,1,0.7783754548092293
1,2014-11-19,1,0.6809931760869016
1,2014-11-21,1,0.6562167010455204
1,2014-11-21,1,0.6564692787936757
1,2014-11-23,1,0.7263620407072271
1,2014-11-23,1,0.6834104431164766
1,2014-11-26,1,0.6515940371326749
1,2014-11-26,1,0.6531552990582268
1,2014-11-28,1,0.6687216413631387
1,2014-11-29,1,0.6633168890413149
1,2014-12-01,1,0.6938717413883833
1,2014-12-03,0,0.6972009728962232
1,2014-12-07,1,0.6710692923496665
1,2014-12-08,0,0.593835225070191
1,2014-12-10,0,0.6948905130757921
1,2014-12-12,1,0.5563192255129024
1,2014-12-13,1,0.6459093316851854
1,2014-12-14,0,0.5873622361004286
1,2014-12-16,1,0.6917693912149612
1,2014-12-17,1,0.5429349602460241
1,2014-12-19,1,0.5661247057987555
1,2015-01-11,1,0.4486441403802531
1,2015-01-12,1,0.5948154195075416
1,2015-01-15,0,0.4817495422153131
1,2015-01-16,1,0.6849671996751994
1,2015-01-16,1,0.7736697892443117
1,2015-01-18,1,0.7101625078026224
1,2015-01-18,1,0.6246774476796576
1,2015-01-20,1,0.4589974486591256
1,2015-01-20,1,0.4203210905373781
1,2015-01-21,1,0.7311567979148129
1,2015-01-23,1,0.5035301156821231
1,2015-01-23,1,0.7833606907981715
1,2015-01-25,0,0.7548943370336594
1,2015-01-25,1,0.5543097793117128
1,2015-01-28,1,0.7106164348797561
1,2015-01-29,0,0.5578433218245559
1,2015-01-30,1,0.41035101095127846
1,2015-01-31,1,0.6218474453317866
1,2015-02-01,1,0.7792130772963095
1,2015-02-03,1,0.5853029415241245
1,2015-02-14,1,0.5685933618405807
1,2015-02-14,1,0.7862244649761283
1,2015-02-15,1,0.8290375146384741
1,2015-02-15,1,0.7585491361090406
1,2015-02-16,1,0.3527702563926845
1,2015-02-17,1,0.8314057095997007
1,2015-02-19,0,0.39014880051324785
1,2015-02-20,1,0.6471691207791715
1,2015-02-21,0,0.6672960750654943
1,2015-02-22,1,0.6145208549890135
1,2015-02-23,1,0.8405294715630174
1,2015-02-24,1,0.7150778972602464
1,2015-02-25,1,0.6313538939039844
1,2015-02-26,0,0.38518047508003184
1,2015-02-27,1,0.7138020849639543
1,2015-02-28,1,0.3432767077918798
1,2015-02-28,1,0.9610317324468547
1,2015-03-01,0,0.49114276138720825
1,2015-03-01,1,0.764289326638443
1,2015-03-03,0,0.2602812538358656
1,2015-03-04,1,0.9119916402351623
1,2015-03-05,1,0.7405747713918726
1,2015-03-06,1,0.8058325352924891
1,2015-03-07,1,0.4648242611535577
1,2015-03-07,1,0.4857944216877512
1,2015-03-08,1,0.6869333835410694
1,2015-03-09,1,0.4491196065910481
1,2015-03-10,1,0.860351995031693
1,2015-03-11,0,0.20939989972427564
1,2015-03-12,1,0.9360459802929623
1,2015-03-13,1,0.6654462695628033
1,2015-03-14,1,0.8611317960153154
1,2015-03-14,1,0.9401772125677904
1,2015-03-15,0,0.2585755496119933
1,2015-03-15,0,0.31730311956058865
1,2015-03-18,1,0.5411182764690424
1,2015-03-19,0,0.2661383506370774
1,2015-03-20,1,0.7390861188676879
1,2015-03-21,1,0.6853565849005351
1,2015-03-24,1,0.4878336074108547
1,2015-03-26,1,0.6381883022670626
1,2015-03-29,1,0.7257718623773661
1,2015-04-17,1,0.3190091384342676
1,2015-04-19,1,0.3371667924663833
1,2015-04-22,1,0.36653038895416823
1,2015-05-26,1,0.7807960372407832
1,2015-05-29,1,0.821531867949681
1,2015-06-09,1,0.5476812595793745
1,2015-06-12,0,0.5429844387509497
1,2015-06-14,0,0.5274494429540199
1,2015-06-17,1,0.5766705224571613
1,2015-06-18,1,0.24341554418143832
1,2015-06-20,1,0.5774595200146514
1,2015-06-21,1,0.27220934877516023
1,2015-06-24,0,0.2956217061889677
1,2015-07-10,0,0.3386224514833014
1,2015-07-10,0,0.20878921514818902
1,2015-07-11,0,0.6446078992861253
1,2015-07-12,1,0.3056531339953462
1,2015-07-12,0,0.2067732617182055
1,2015-07-14,0,0.1996231914681842
1,2015-07-15,1,0.3761365827346461
1,2015-07-15,1,0.6101689126138157
1,2015-07-19,0,0.5929184146831924
1,2015-07-22,0,0.5887854900077971
1,2015-07-26,1,0.5768288057720046
1,2015-08-02,1,0.28681750869066613
1,2015-08-04,0,0.3099627414096745
1,2015-08-07,0,0.3055714448312787
1,2015-08-19,1,0.6569901816384823
1,2015-08-23,0,0.6899413858976083
1,2015-08-26,1,0.6501431052714196
1,2015-08-27,0,0.14789882819308992
1,2015-09-03,0,0.3975196961551624
1,2015-09-05,0,0.38281908829678957
1,2015-09-08,1,0.4212667676538044
1,2015-09-11,1,0.4378605697883591
1,2015-09-13,0,0.4565444669855855
1,2015-10-01,0,0.2592655237990174
1,2015-10-03,1,0.25355329702964696
1,2015-10-05,0,0.26557430202869936
1,2015-10-09,1,0.5570558760924038
1,2015-10-11,0,0.6964961256303244
1,2015-10-11,1,0.6532100059970019
1,2015-10-13,0,0.6805864781831796
1,2015-10-14,1,0.6753442012677541
1,2015-10-18,0,0.6554146338029112
1,2015-10-22,1,0.670840520766414
1,2015-10-25,0,0.6935906400845838
1,2015-11-01,1,0.7083774833510854
1,2015-11-04,1,0.7524952182880041
1,2015-11-07,1,0.7543247270105046
1,2015-11-07,1,0.6370620106179998
1,2015-11-09,1,0.6656280923392534
1,2015-11-11,0,0.5976779924669782
1,2015-11-11,1,0.6813729001057799
1,2015-11-13,1,0.5827672853757306
1,2015-11-16,0,0.667730467802718
1,2015-11-17,1,0.5927471049180421
1,2015-11-20,1,0.6425689218525389
1,2015-12-26,1,0.5107131277597217
1,2015-12-28,1,0.5177252983204004
1,2015-12-31,0,0.5398460455965618
1,2016-01-05,1,0.46855362763204583
1,2016-01-12,1,0.6552772510139845
1,2016-01-15,1,0.6874167318692764
1,2016-01-17,1,0.6953405265759924
1,2016-01-20,1,0.7229491655533739
1,2016-01-23,0,0.7402341712449912
1,2016-01-25,1,0.5811325522872804
2,2016-01-31,1,0.6682841112488629
2,2016-02-03,0,0.5937952163940955
2,2016-02-03,1,0.41382275342111297
2,2016-02-06,0,0.5997566695605727
2,2016-02-06,0,0.5140363106464744
2,2016-02-08,1,0.4694247222205817
2,2016-02-09,1,0.5909477779730328
2,2016-02-12,1,0.5993103111488676
2,2016-02-14,1,0.643520759645584
2,2016-06-03,1,0.4023875114777651
2,2016-06-05,0,0.3720875940650456
2,2016-06-07,0,0.7297875858964191
2,2016-06-11,0,0.2742175201198297
2,2016-06-11,1,0.7010229676955696
2,2016-06-13,0,0.26141218519897996
2,2016-06-13,1,0.33148955627676474
2,2016-06-15,0,0.2544360344839953
2,2016-06-15,0,0.4385217247746674
2,2016-06-18,0,0.24020434866511875
2,2016-06-21,0,0.34625829751477716
2,2016-06-24,1,0.512040943196939
2,2016-06-24,1,0.40087268580472724
2,2016-06-26,0,0.3476501165271535
2,2016-06-29,1,0.5665910348821029
2,2016-07-02,1,0.6444269828228048
2,2016-08-14,1,0.5151314817897149
2,2016-08-16,1,0.6586430939089497
2,2016-08-18,0,0.3071294342727845
2,2016-08-21,0,0.53382883724795
2,2016-08-24,1,0.7044311651124195
2,2016-08-24,1,0.5217691394078063
2,2016-08-27,1,0.6884851095772302
2,2016-08-28,0,0.5316223677971906
2,2016-08-30,1,0.7297070794527021
2,2016-08-31,0,0.5026729146315733
2,2016-09-01,1,0.7465766224973686
2,2016-09-04,0,0.7476260565061681
2,2016-09-04,0,0.4819677390553556
2,2016-09-10,1,0.6043865728869479
2,2016-09-25,1,0.8456333667650786
2,2016-09-27,1,0.9062859154953483
2,2016-09-30,1,0.6980946557239625
2,2016-09-30,1,0.5143703943067478
2,2016-10-02,1,0.7511727566005532
2,2016-10-02,1,0.5182572608954714
2,2016-10-05,1,0.7695916379983475
2,2016-10-05,1,0.5173011296099614
2,2016-10-07,0,0.3830091359662496
2,2016-10-09,1,0.3646955709673722
2,2016-10-09,1,0.604167669711015
2,2016-10-12,0,0.4461260725974313
2,2016-10-12,1,0.6580375907006579
2,2016-10-16,1,0.7114301354839001
2,2016-10-20,0,0.7607905044199628
2,2016-10-23,1,0.733442637753189
2,2016-10-26,0,0.7656891166592453
2,2016-10-29,1,0.7374853474818851
2,2016-11-04,1,0.5047067823181108
2,2016-11-06,0,0.7386349983439203
2,2016-11-08,1,0.46860467367577363
2,2016-11-14,0,0.3181006254572327
2,2016-11-16,0,0.762433885930209
2,2016-11-23,1,0.7145120162461238
2,2016-11-25,1,0.40721931622985214
2,2016-11-27,0,0.29491373577035745
2,2016-12-04,1,0.7920231285835766
2,2016-12-06,1,0.7839275560980724
2,2016-12-09,1,0.8153267863690761
2,2016-12-26,1,0.6960533839518136
2,2016-12-29,1,0.6713561268985611
2,2016-12-31,1,0.727115073038016
2,2017-01-13,1,0.7498518445342236
2,2017-01-15,0,0.7766471128320849
2,2017-01-15,1,0.7156077235214221
2,2017-01-19,1,0.771502915925307
2,2017-01-19,1,0.7891460125273522
2,2017-01-22,1,0.7916188942273424
2,2017-01-22,0,0.7974393001194857
2,2017-01-22,1,0.43068143696094296
2,2017-01-24,1,0.393376325935216
2,2017-01-26,1,0.7988404539600061
2,2017-01-26,1,0.43690816148271583
2,2017-01-28,1,0.6410912230099189
2,2017-01-30,1,0.41307003724103364
2,2017-02-01,1,0.6657696586645611
2,2017-02-04,1,0.7015958043412446
2,2017-02-05,1,0.4631680064055358
2,2017-02-07,1,0.7066240306055308
2,2017-02-10,1,0.6948479545410885
2,2017-02-19,0,0.4644851053160398
2,2017-02-22,1,0.4988836279553476
2,2017-02-25,0,0.4804245120035308
2,2017-03-01,1,0.4695609125512353
2,2017-03-02,0,0.4178105232829243
2,2017-03-03,0,0.46936869971173206
2,2017-03-04,0,0.5295848538331753
2,2017-03-04,0,0.36663278323163434
2,2017-03-05,0,0.4552754520726686
2,2017-03-09,0,0.44844746828981924
2,2017-03-25,0,0.8113351821492981
2,2017-04-01,1,0.8064366939413617
2,2017-04-02,0,0.4759857201750016
2,2017-04-04,1,0.34093887155601993
2,2017-04-07,1,0.4854810744886606
2,2017-04-09,0,0.5011844574555137
2,2017-04-11,0,0.4923343534927457
2,2017-05-05,1,0.8367612986406819
2,2017-05-07,1,0.8500564460308698
2,2017-05-14,0,0.2699727786170313
2,2017-05-17,0,0.4107727581611247
2,2017-05-19,0,0.38994331585895126
2,2017-05-21,0,0.22193476303677886
2,2017-05-24,1,0.643829656666238
2,2017-05-24,1,0.37026362526672585
2,2017-05-27,1,0.6164082979254447
2,2017-05-29,0,0.677741770241443
2,2017-06-01,1,0.8094724267542335
2,2017-06-03,1,0.6615657651086226
2,2017-06-04,1,0.757437635421406
2,2017-06-06,1,0.653371231630412
2,2017-06-07,1,0.5042650245202396
2,2017-06-08,0,0.7933776936166675
2,2017-06-09,1,0.4645755464473896
2,2017-06-10,1,0.5867793655591402
2,2017-06-11,1,0.6911481936789582
2,2017-06-12,1,0.6871897138459185
2,2017-06-14,0,0.6583955413544439
2,2017-06-15,0,0.32082938279304063
2,2017-06-15,1,0.4760911638716942
2,2017-06-17,0,0.5777934271091545
2,2017-06-18,0,0.723499498080281
2,2017-06-25,0,0.3949452956340268
2,2017-06-30,0,0.3765854073099009
2,2017-06-30,0,0.8114944665050474
2,2017-07-02,1,0.364505596630381
2,2017-07-02,1,0.7797028910097361
2,2017-07-06,0,0.4388405434242525
2,2017-07-06,1,0.8205860729216665
2,2017-07-08,0,0.8493153338419305
2,2017-07-10,0,0.814359946737499
2,2017-08-20,0,0.5428998975038127
2,2017-08-24,0,0.511859854487494
2,2017-08-27,0,0.5021456500463338
2,2017-08-31,1,0.8272726355385951
2,2017-09-03,0,0.4699440827590142
2,2017-09-17,1,0.6929400986424867
2,2017-09-19,0,0.4396547252974326
2,2017-09-21,1,0.7042886256061103
2,2017-09-24,1,0.795432936609124
2,2017-09-24,0,0.6284286340174441
2,2017-09-27,0,0.45936891881699543
2,2017-09-28,1,0.6443180595980875
2,2017-09-29,0,0.45226494001787354
2,2017-10-01,0,0.6563632933039566
2,2017-10-13,1,0.6916754108878697
2,2017-10-15,0,0.3923725354845413
2,2017-10-16,1,0.7255041858357044
2,2017-10-18,1,0.7798113091071228
2,2017-10-18,0,0.6052250326203811
2,2017-10-20,0,0.5844244907240431
2,2017-10-22,1,0.8004158544741113
2,2017-10-22,0,0.8053446442931073
2,2017-10-23,0,0.5820923009118798
2,2017-10-25,0,0.45690543875095757
2,2017-10-29,1,0.7942298605768129
2,2017-12-06,1,0.5708519620863957
2,2017-12-10,0,0.836358260941678
2,2017-12-13,1,0.8379643262509155
2,2017-12-17,0,0.5086162352461367
2,2017-12-20,0,0.47149431956828286
2,2017-12-23,1,0.7214003236082438
2,2017-12-26,1,0.7585023900078601
2,2018-01-06,1,0.610385232691548
2,2018-01-09,0,0.5982930605361875
2,2018-01-11,0,0.4140494304739022
2,2018-01-13,1,0.6514127400480574
2,2018-01-13,1,0.6859948755730636
2,2018-01-14,0,0.7599444121096256
2,2018-01-15,0,0.5205759698906418
2,2018-01-16,0,0.5923777861428934
2,2018-01-16,0,0.40387165826750665
2,2018-01-17,1,0.35824133639889677
2,2018-01-18,1,0.6735918226929383
2,2018-01-19,0,0.7466997705723062
2,2018-01-19,1,0.7116004764774516
2,2018-01-19,1,0.45820245914456287
2,2018-01-21,1,0.6177979912022846
2,2018-01-21,0,0.4178898476741787
2,2018-01-21,1,0.5838658693996589
2,2018-01-23,1,0.7025220468786542
2,2018-01-23,0,0.6333520612315465
2,2018-01-25,0,0.46834051061994997
2,2018-01-26,0,0.6155067789570091
2,2018-01-27,1,0.7756787833638168
2,2018-01-28,1,0.5955804313801174
3,2018-02-01,0,0.5962332640116426
3,2018-02-04,0,0.5918632966452925
3,2018-02-07,1,0.6515076085177153
3,2018-02-10,0,0.7006976495780128
3,2018-02-13,1,0.6613969960552769
3,2018-02-16,0,0.5544767510462347
3,2018-02-25,0,0.5535427242035501
3,2018-02-28,0,0.6212761210076315
3,2018-03-03,1,0.5389022364597608
3,2018-03-04,1,0.5125595131970417
3,2018-03-06,0,0.3587791968935225
3,2018-03-06,1,0.7538536249966641
3,2018-03-06,0,0.5456536993567045
3,2018-03-07,0,0.5657381801049509
3,2018-03-08,0,0.28935855655678505
3,2018-03-10,0,0.5911367081121983
3,2018-03-10,1,0.6875375250969796
3,2018-03-10,1,0.6230932021173984
3,2018-03-12,1,0.693400444431617
3,2018-03-15,1,0.5750360918853334
3,2018-03-16,1,0.5833560454786167
3,2018-03-17,1,0.39482574283207444
3,2018-03-18,1,0.6053907701977459
3,2018-03-19,0,0.43402643441886796
3,2018-03-21,1,0.7547542299926273
3,2018-03-22,1,0.3478046751310244
3,2018-06-13,0,0.6884903791248489
3,2018-06-16,1,0.6206390763929003
3,2018-06-19,1,0.5686790129472014
3,2018-06-21,0,0.6618304070063689
3,2018-06-24,0,0.6367761190909157
3,2018-07-12,0,0.5316300539668871
3,2018-07-13,1,0.7767774092877329
3,2018-07-14,1,0.4908683724554974
3,2018-07-16,0,0.3181917232686402
3,2018-07-17,0,0.6843687556344125
3,2018-07-18,0,0.29817234396664405
3,2018-07-20,1,0.8297317279483966
3,2018-07-22,1,0.8364868734610317
3,2018-07-22,1,0.47639795796251144
3,2018-07-25,1,0.6544337695633344
3,2018-07-28,1,0.45170255434416484
3,2018-07-29,0,0.6437271812632076
3,2018-08-01,0,0.6049132112149799
3,2018-08-05,1,0.6219545530636262
3,2018-08-08,1,0.5446149389729233
3,2018-08-12,1,0.5436079626238622
3,2018-08-30,1,0.5911830265435778
3,2018-09-15,1,0.3928988387218284
3,2018-09-16,0,0.17522621792084295
3,2018-09-18,1,0.9367730934781959
3,2018-09-19,0,0.49653990629789374
3,2018-09-21,0,0.2994628002822083
3,2018-09-23,0,0.483119552020631
3,2018-09-26,1,0.37536142419299956
3,2018-09-28,0,0.2791062697947678
3,2018-09-30,0,0.24786346274946186
3,2018-10-03,1,0.8380194062311996
3,2018-10-06,0,0.24356345669144389
3,2018-10-13,1,0.5942588528946177
3,2018-10-17,0,0.5965715772833501
3,2018-10-20,0,0.5631884253680445
3,2018-10-21,1,0.7571216082673224
3,2018-10-21,0,0.35380776220241644
3,2018-10-23,1,0.5464145451771151
3,2018-10-24,0,0.38423581202882356
3,2018-10-26,0,0.37647436896972486
3,2018-10-27,1,0.33830119645828005
3,2018-10-29,1,0.7993699961618675
3,2018-11-01,0,0.35507286900113133
3,2018-11-04,0,0.6035910929587753
3,2018-11-07,1,0.6245406626203944
3,2018-11-09,1,0.5899883352818749
3,2018-11-09,0,0.6484643400228433
3,2018-11-11,1,0.6045491935734904
3,2018-12-09,1,0.5800540164941033
3,2018-12-11,0,0.6129965508349473
3,2018-12-14,1,0.5591744128614498
3,2019-01-03,1,0.6205576431623165
3,2019-01-05,1,0.6298671763525343
3,2019-01-08,1,0.6516951618131271
3,2019-01-12,1,0.6330060278000498
3,2019-01-15,0,0.6211009848911613
3,2019-01-18,0,0.6455903687209741
3,2019-01-19,0,0.6832846877443395
3,2019-01-22,1,0.6566257512798628
3,2019-01-23,0,0.4657020418186528
3,2019-01-25,1,0.702598694779617
3,2019-01-25,1,0.744752003317033
3,2019-01-26,0,0.4441096124738186
3,2019-01-26,0,0.8058863564730441
3,2019-01-27,0,0.7080832994908082
3,2019-01-28,0,0.41484260451629545
3,2019-01-28,0,0.6333989351391311
3,2019-01-30,1,0.7122939600773673
3,2019-01-31,1,0.436326625509406
3,2019-02-03,0,0.48133904418392015
3,2019-02-13,1,0.6969830946677879
3,2019-02-16,1,0.7270088903193223
3,2019-02-20,1,0.7540422815187482
3,2019-02-20,0,0.40176392643536174
3,2019-02-22,1,0.36233065331139763
3,2019-02-27,0,0.4236622209868048
3,2019-03-02,1,0.41606950912755297
3,2019-03-02,1,0.6601537837151537
3,2019-03-03,1,0.6940520126733059
3,2019-03-05,1,0.7164831879616774
3,2019-03-06,1,0.7332226115976316
3,2019-03-08,0,0.7134720695631889
3,2019-03-10,1,0.7585960078161619
3,2019-03-10,0,0.7058348549132006
3,2019-03-13,1,0.7598656240208685
3,2019-03-13,0,0.6469628750320072
3,2019-03-16,1,0.7761520617923195
3,2019-03-22,1,0.7654032113232306
3,2019-03-24,1,0.7825276035778248
3,2019-03-27,1,0.780438329978286
3,2019-03-29,1,0.7960476985032947
3,2019-03-31,1,0.8140228740831864
3,2019-04-10,1,0.5685175703420113
3,2019-04-12,1,0.6459507910634114
3,2019-04-16,1,0.6960349596642803
3,2019-04-27,1,0.7427175053802991
3,2019-04-27,1,0.4318979709844912
3,2019-05-03,0,0.26727765809968973
3,2019-05-05,0,0.3854465577450272
3,2019-05-07,1,0.4790293477194762
3,2019-05-11,1,0.7491970883169397
3,2019-05-11,0,0.3523411987476776
3,2019-05-13,1,0.4868371418013719
3,2019-05-14,1,0.7380267526058427
3,2019-05-15,0,0.3593866999440339
3,2019-05-17,1,0.7707571777767486
3,2019-05-17,1,0.5479377531088607
3,2019-05-19,1,0.7868290556598151
3,2019-05-21,0,0.2817563179021248
3,2019-05-30,1,0.6265263826051457
3,2019-05-31,0,0.6486630052548503
3,2019-06-01,1,0.6755320772225926
3,2019-06-02,1,0.3570497361020459
3,2019-06-03,0,0.792074167474106
3,2019-06-05,1,0.6466640852901645
3,2019-06-05,0,0.4343237296335329
3,2019-06-06,1,0.8058413468764002
3,2019-06-08,1,0.7423928357752757
3,2019-06-09,0,0.7206269127315417
3,2019-06-12,1,0.8020588696020216
3,2019-06-14,1,0.7813378195908309
3,2019-06-15,1,0.7784431205291029
3,2019-06-16,1,0.7589669820113899
3,2019-06-17,1,0.5562057741813888
3,2019-06-19,1,0.546360520027125
3,2019-06-19,1,0.3343663020690529
3,2019-06-20,1,0.8512578827414914
3,2019-06-21,0,0.6823814524602247
3,2019-06-21,1,0.4614404709188202
3,2019-06-22,1,0.7591748204840768
3,2019-06-23,1,0.5724478691264256
3,2019-06-25,0,0.48761936226122726
3,2019-06-26,0,0.700495656091561
3,2019-06-27,1,0.8473908955927049
3,2019-06-28,1,0.6364183594357968
3,2019-06-29,1,0.7332452856695353
3,2019-06-30,1,0.4837127863872053
3,2019-07-01,1,0.7550059272915148
3,2019-07-01,1,0.45855975921583936
3,2019-07-02,0,0.28511849749169493
3,2019-07-03,1,0.6394137707840458
3,2019-07-04,1,0.4751700630519115
3,2019-07-05,0,0.4078670168270742
3,2019-07-06,1,0.7660814056982674
3,2019-07-06,0,0.7318910886617692
3,2019-07-07,1,0.5508130486373422
3,2019-07-09,0,0.7437518004621856
3,2019-07-11,0,0.707929507413821
3,2019-07-26,1,0.7629575328997981
3,2019-07-28,1,0.8034576549431992
3,2019-07-31,1,0.8250244243667904
3,2019-08-11,0,0.3494069125512742
3,2019-08-14,0,0.3026737977599692
3,2019-08-14,1,0.24339571864310178
3,2019-08-15,0,0.5673754368309085
3,2019-08-17,1,0.5706014664371305
3,2019-08-18,1,0.43688052518867865
3,2019-08-20,1,0.6681507349727975
3,2019-08-21,1,0.6197715957296511
3,2019-09-13,1,0.27458740987127417
3,2019-09-17,1,0.5482815043916824
3,2019-09-19,1,0.5359153882471356
3,2019-09-22,1,0.4357100746179014
3,2019-09-23,1,0.5778210678990653
3,2019-09-30,1,0.6175504495016223
3,2019-10-02,1,0.6577321973361371
3,2019-12-08,0,0.5269619466080795
3,2019-12-09,0,0.5341672750604444
4,2019-12-12,0,0.4032629771406458
4,2019-12-14,1,0.42541625684099127
4,2019-12-15,0,0.8641687851513188
4,2019-12-15,1,0.41712948890220813
4,2019-12-18,1,0.8388108884618742
4,2019-12-22,1,0.8606578877420419
4,2020-01-05,1,0.563544848058118
4,2020-01-06,0,0.564237804342525
4,2020-01-07,1,0.7194103341657812
4,2020-01-08,0,0.6306580772073773
4,2020-01-09,1,0.7756227217332283
4,2020-01-09,0,0.4921790364172864
4,2020-01-12,1,0.7369207095904063
4,2020-01-14,0,0.6437637743796304
4,2020-01-17,1,0.5613402400452283
4,2020-01-19,1,0.5745246218802575
4,2020-02-04,1,0.6043483552372314
4,2020-02-05,1,0.44276338958676126
4,2020-02-05,0,0.4754294041354126
4,2020-02-06,1,0.5622675371219712
4,2020-02-08,1,0.4340866040093046
4,2020-02-08,1,0.4720358734312938
4,2020-02-09,0,0.5470055516842126
4,2020-02-09,0,0.3555988155139221
4,2020-02-11,1,0.44585154213995737
4,2020-02-11,1,0.7230219124065805
4,2020-02-12,1,0.6383001661210891
4,2020-02-22,1,0.7633259057366051
4,2020-02-26,1,0.7292750273196871
4,2020-02-29,1,0.5859021887339867
4,2020-03-01,1,0.7681015372061332
4,2020-03-01,1,0.7260502413833825
4,2020-03-03,1,0.7611767710246257
4,2020-03-04,1,0.5750412839911564
4,2020-03-06,1,0.771759619014286
4,2020-03-07,1,0.6243495296994643
4,2020-03-13,1,0.7300978333639536
4,2020-07-30,0,0.2356873953959626
4,2020-08-01,0,0.2177491119156935
4,2020-08-04,0,0.8951847865130403
4,2020-09-11,1,0.6345965600925194
4,2020-09-13,1,0.5721476689503674
4,2020-09-16,0,0.578401301275724
4,2020-10-30,1,0.8706994936796165
4,2020-11-01,0,0.240649575851379
4,2020-11-27,1,0.6805995508251602
4,2020-11-29,1,0.7075800174023339
4,2020-12-02,1,0.5106974218085255
4,2021-01-08,0,0.6634659751393427
4,2021-01-18,1,0.600705299208552
4,2021-01-20,0,0.6818018227043833
4,2021-01-22,0,0.6356609444161669
4,2021-01-25,1,0.687921136353967
4,2021-03-10,1,0.4005815867473707
4,2021-03-12,1,0.4843827626742309
4,2021-03-14,1,0.4959010547939472
4,2021-03-20,0,0.42517826443406403
4,2021-03-23,0,0.4093991456795768
4,2021-03-23,1,0.7375047864390403
4,2021-03-26,1,0.7410457290394811
4,2021-03-26,0,0.7653030951239517
4,2021-03-28,1,0.7267622994334567
4,2021-04-02,0,0.6479232251869951
4,2021-04-04,1,0.5675543839034706
4,2021-04-07,1,0.5741399138500518
4,2021-05-19,1,0.4791841180893329
4,2021-05-20,0,0.5780534358171839
4,2021-05-23,1,0.4281958083634903
4,2021-05-25,1,0.441823874216981
4,2021-05-28,1,0.7202182163794479
4,2021-06-02,1,0.43086017951768707
4,2021-06-04,0,0.5312696932582645
4,2021-06-07,0,0.6507072665147074
4,2021-06-29,0,0.5973557102219377
4,2021-07-01,0,0.5705532521699744
4,2021-07-08,0,0.5456568343586922
4,2021-07-10,1,0.7042245394005152
4,2021-07-13,0,0.4842655497616162
4,2021-07-13,1,0.23471101854150428
4,2021-07-16,1,0.7951357873817079
4,2021-07-16,1,0.7819695783785414
4,2021-07-18,0,0.4422335763500346
4,2021-07-18,0,0.40276166206070335
4,2021-07-20,0,0.38617496344993274
4,2021-07-20,1,0.8157309708162822
4,2021-07-20,0,0.3871922409222006
4,2021-07-22,0,0.842116758002214
4,2021-07-23,0,0.8309786972647486
4,2021-07-26,0,0.3582268459079645
4,2021-09-02,1,0.5188243243771206
4,2021-09-04,1,0.6257367339255628
4,2021-09-06,0,0.49413922797710125
4,2021-09-07,1,0.5328795120412404
4,2021-09-07,0,0.44501027252119246
4,2021-09-08,1,0.5382063237034138
4,2021-09-09,1,0.6884712895512973
4,2021-09-10,1,0.7334424978507718
4,2021-09-13,0,0.6316552718331153
4,2021-09-13,0,0.3917033968656138
4,2021-09-14,0,0.41489680525377015
4,2021-09-16,0,0.2910711062435605
4,2021-09-19,0,0.6545206219702926
4,2021-09-25,0,0.3356685094992877
4,2021-09-26,1,0.7884865773810227
4,2021-09-28,1,0.4393396318484525
4,2021-09-29,0,0.3027779845311539
4,2021-10-01,0,0.2712723102491295
4,2021-11-26,1,0.4434668424621432
4,2022-01-08,1,0.7428789357069607
4,2022-01-13,0,0.8191752763044263
4,2022-01-16,0,0.7388027991330277
4,2022-01-16,0,0.2907453386330864
4,2022-01-18,1,0.2805097901880028
4,2022-01-19,1,0.4983383062331882
4,2022-01-21,0,0.6364956710593966
4,2022-01-21,1,0.8444609609835011
4,2022-01-23,1,0.5173189115865329
4,2022-02-05,0,0.6377886217065867
4,2022-02-06,0,0.3851198222077684
4,2022-02-06,0,0.5380354519722695
4,2022-02-09,1,0.8279010772384409
4,2022-02-11,1,0.8469767684707991
4,2022-03-05,1,0.48632788236606295
4,2022-03-06,1,0.49663953710306497
4,2022-03-08,0,0.4998581889436829
4,2022-03-09,1,0.504844883394534
4,2022-03-11,0,0.5272728397471006
4,2022-03-12,1,0.656998598602512
4,2022-03-14,0,0.5762779737884223
4,2022-03-15,0,0.36719902296207796
4,2022-03-16,0,0.31349292809449925
4,2022-03-18,1,0.43312528148273727
4,2022-03-18,1,0.5380682716301906
4,2022-03-19,0,0.7590631214765813
4,2022-03-20,0,0.4080053288688303
4,2022-03-21,1,0.6074079240149783
4,2022-03-22,0,0.4487906749799878
4,2022-03-23,0,0.7054754177884146
4,2022-03-25,1,0.36318666109379566
4,2022-03-26,0,0.5975231662201231
4,2022-03-29,1,0.7422997591705947
4,2022-03-29,0,0.23247885105962549
4,2022-03-31,0,0.7828945971892066
4,2022-04-02,0,0.751794798483421
4,2022-04-02,1,0.8739667893139867
4,2022-04-04,1,0.910549942425843
4,2022-04-09,1,0.6941091681726245
4,2022-04-10,1,0.6203518049255928
4,2022-04-12,0,0.4257209581787783
4,2022-04-13,1,0.7533213718083759
4,2022-04-15,0,0.4532086836988221
4,2022-04-16,1,0.7151410677182485
4,2022-05-28,1,0.3696417667799089
4,2022-05-29,1,0.5735909160407876
4,2022-05-31,0,0.30170416284669577
4,2022-05-31,0,0.45110435065406745
4,2022-06-01,0,0.5314534813586331
4,2022-06-02,0,0.2433044796370268
4,2022-06-03,0,0.6953084878742648
4,2022-06-04,1,0.889573957973667
4,2022-06-04,0,0.5881128615617984
4,2022-06-08,1,0.38040916147361387
4,2022-06-08,0,0.5201306952416563
4,2022-06-09,1,0.6276478497853697
4,2022-06-10,1,0.7280266636085432
4,2022-06-12,1,0.6116794130639025
4,2022-06-12,1,0.7562989204202584
4,2022-06-14,0,0.48552614111252024
4,2022-06-14,0,0.7202756306944036
4,2022-06-15,1,0.48861996005052094
4,2022-06-16,1,0.460961163638051
4,2022-06-17,1,0.929595890190231
4,2022-06-19,0,0.1263331598365378
4,2022-06-19,0,0.6803944011527475
4,2022-06-21,1,0.5968986612534453
4,2022-06-22,0,0.12305729100713184
4,2022-06-24,0,0.6093178784631575
4,2022-07-10,0,0.254857869354212
4,2022-07-10,0,0.5625952752712118
4,2022-07-11,1,0.5341380432959405
4,2022-07-12,0,0.5602779030000757
4,2022-07-12,0,0.22857667216419408
4,2022-07-13,0,0.5057030754566959
4,2022-07-13,0,0.6352356908271919
4,2022-07-14,1,0.47775609936118685
4,2022-07-14,0,0.4931254979973094
4,2022-07-15,1,0.86034882989998
4,2022-07-16,0,0.4975238508537358
4,2022-07-16,1,0.6411298378871843
4,2022-07-17,0,0.4892579795112692
4,2022-07-17,0,0.5421231321602898
4,2022-07-19,1,0.5267468101056151
4,2022-07-22,1,0.5609046209496481
4,2022-07-22,1,0.8318361637919678
4,2022-07-24,0,0.28467928294546085
4,2022-07-27,1,0.8725041646717443
